{"NDCG@1": 1.0, "NDCG@3": 1.0, "NDCG@5": 1.0, "NDCG@10": 0.91795, "NDCG@100": 0.97228, "NDCG@1000": 0.97228, "MRR@1": 1.0, "MRR@3": 1.0, "MRR@5": 1.0, "MRR@10": 1.0, "MRR@100": 1.0, "MRR@1000": 1.0, "Recall@1": 0.5625, "Recall@3": 0.6875, "Recall@5": 0.8125, "Recall@10": 0.875, "Recall@100": 1.0, "Recall@1000": 1.0, "P@1": 1.0, "P@3": 0.66667, "P@5": 0.6, "P@10": 0.35, "P@100": 0.045, "P@1000": 0.0045, "time": 0.5558886528015137}