{"NDCG@1": 1.0, "NDCG@3": 1.0, "NDCG@5": 1.0, "NDCG@10": 1.0, "NDCG@100": 0.99739, "NDCG@1000": 0.99739, "MRR@1": 1.0, "MRR@3": 1.0, "MRR@5": 1.0, "MRR@10": 1.0, "MRR@100": 1.0, "MRR@1000": 1.0, "Recall@1": 0.37312, "Recall@3": 0.70268, "Recall@5": 0.8378, "Recall@10": 0.9375, "Recall@100": 1.0, "Recall@1000": 1.0, "P@1": 1.0, "P@3": 0.83333, "P@5": 0.7, "P@10": 0.46667, "P@100": 0.05667, "P@1000": 0.00567, "time": 0.6517438888549805}