{
  "project_name": "repoeval_readwriteFile",
  "history_dir": "D:\\graduate_project\\项目级st补全\\repo_gen_project\\output\\20260122_180243\\repoeval_readwriteFile\\readful_result_history",
  "total_files": 5,
  "files_by_function": {
    "ReadFile.st": {
      "versions": [
        {
          "filename": "ReadFile_0.st",
          "version": 0,
          "codebleu": 0.6472895934597775,
          "ngram_match_score": 0.5242205687691182,
          "weighted_ngram_match_score": 0.5380946581130402,
          "syntax_match_score": 0.898936170212766,
          "dataflow_match_score": 0.627906976744186,
          "success": true
        },
        {
          "filename": "ReadFile_1.st",
          "version": 1,
          "codebleu": 0.6557758929581532,
          "ngram_match_score": 0.5395476726035541,
          "weighted_ngram_match_score": 0.540136799773344,
          "syntax_match_score": 0.8457446808510638,
          "dataflow_match_score": 0.6976744186046512,
          "success": true
        },
        {
          "filename": "ReadFile_2.st",
          "version": 2,
          "codebleu": 0.6751595629344985,
          "ngram_match_score": 0.5294273193761501,
          "weighted_ngram_match_score": 0.5609932183588754,
          "syntax_match_score": 0.8776595744680851,
          "dataflow_match_score": 0.7325581395348837,
          "success": true
        }
      ],
      "total_versions": 3,
      "first_version_score": 0.6472895934597775,
      "last_version_score": 0.6751595629344985,
      "improvement": 0.02786996947472098,
      "improvement_percent": 4.305641517540142
    },
    "WriteFile.st": {
      "versions": [
        {
          "filename": "WriteFile_0.st",
          "version": 0,
          "codebleu": 0.5815039939715507,
          "ngram_match_score": 0.41958133035799233,
          "weighted_ngram_match_score": 0.43112600355290215,
          "syntax_match_score": 0.8333333333333334,
          "dataflow_match_score": 0.6419753086419753,
          "success": true
        },
        {
          "filename": "WriteFile_1.st",
          "version": 1,
          "codebleu": 0.5607938653703886,
          "ngram_match_score": 0.41488544129320587,
          "weighted_ngram_match_score": 0.42428831733607053,
          "syntax_match_score": 0.7126436781609196,
          "dataflow_match_score": 0.691358024691358,
          "success": true
        }
      ],
      "total_versions": 2,
      "first_version_score": 0.5815039939715507,
      "last_version_score": 0.5607938653703886,
      "improvement": -0.02071012860116217,
      "improvement_percent": -3.5614765875839165
    }
  },
  "summary": {
    "total_evaluated": 5,
    "total_failed": 0,
    "success_rate": 1.0
  },
  "metadata": {
    "timestamp": "2026-01-22T22:22:06.793108",
    "args": {
      "timestamp": "20260122_180243",
      "project": "repoeval_readwriteFile",
      "lang": "python",
      "use_project_code_gt": false,
      "output": null
    }
  }
}