{"NDCG@1": 0.5, "NDCG@3": 0.59907, "NDCG@5": 0.5669, "NDCG@10": 0.64416, "NDCG@100": 0.72084, "NDCG@1000": 0.72084, "MRR@1": 0.5, "MRR@3": 0.75, "MRR@5": 0.75, "MRR@10": 0.75, "MRR@100": 0.75, "MRR@1000": 0.75, "Recall@1": 0.3125, "Recall@3": 0.625, "Recall@5": 0.625, "Recall@10": 0.78125, "Recall@100": 1.0, "Recall@1000": 1.0, "P@1": 0.5, "P@3": 0.33333, "P@5": 0.2, "P@10": 0.1625, "P@100": 0.025, "P@1000": 0.0025, "time": 0.6069884300231934}