{"NDCG@1": 1.0, "NDCG@3": 0.76536, "NDCG@5": 0.9469, "NDCG@10": 0.9469, "NDCG@100": 0.9469, "NDCG@1000": 0.9469, "MRR@1": 1.0, "MRR@3": 1.0, "MRR@5": 1.0, "MRR@10": 1.0, "MRR@100": 1.0, "MRR@1000": 1.0, "Recall@1": 0.33333, "Recall@3": 0.66667, "Recall@5": 1.0, "Recall@10": 1.0, "Recall@100": 1.0, "Recall@1000": 1.0, "P@1": 1.0, "P@3": 0.66667, "P@5": 0.6, "P@10": 0.3, "P@100": 0.03, "P@1000": 0.003, "time": 0.5358741283416748}