{"NDCG@1": 1.0, "NDCG@3": 1.0, "NDCG@5": 1.0, "NDCG@10": 0.72733, "NDCG@100": 0.94696, "NDCG@1000": 0.94696, "MRR@1": 1.0, "MRR@3": 1.0, "MRR@5": 1.0, "MRR@10": 1.0, "MRR@100": 1.0, "MRR@1000": 1.0, "Recall@1": 0.1, "Recall@3": 0.3, "Recall@5": 0.5, "Recall@10": 0.6, "Recall@100": 1.0, "Recall@1000": 1.0, "P@1": 1.0, "P@3": 1.0, "P@5": 1.0, "P@10": 0.6, "P@100": 0.1, "P@1000": 0.01, "time": 0.4930710792541504}