{"NDCG@1": 1.0, "NDCG@3": 0.72195, "NDCG@5": 0.76821, "NDCG@10": 0.81378, "NDCG@100": 0.87262, "NDCG@1000": 0.87262, "MRR@1": 1.0, "MRR@3": 1.0, "MRR@5": 1.0, "MRR@10": 1.0, "MRR@100": 1.0, "MRR@1000": 1.0, "Recall@1": 0.29954, "Recall@3": 0.52083, "Recall@5": 0.71204, "Recall@10": 0.85093, "Recall@100": 1.0, "Recall@1000": 1.0, "P@1": 1.0, "P@3": 0.63889, "P@5": 0.53333, "P@10": 0.325, "P@100": 0.03833, "P@1000": 0.00383, "time": 0.5710833072662354}