{"NDCG@1": 1.0, "NDCG@3": 1.0, "NDCG@5": 1.0, "NDCG@10": 1.0, "NDCG@100": 1.0, "NDCG@1000": 1.0, "MRR@1": 1.0, "MRR@3": 1.0, "MRR@5": 1.0, "MRR@10": 1.0, "MRR@100": 1.0, "MRR@1000": 1.0, "Recall@1": 0.5, "Recall@3": 1.0, "Recall@5": 1.0, "Recall@10": 1.0, "Recall@100": 1.0, "Recall@1000": 1.0, "P@1": 1.0, "P@3": 0.66667, "P@5": 0.4, "P@10": 0.2, "P@100": 0.02, "P@1000": 0.002, "time": 0.4585578441619873}