{"NDCG@1": 1.0, "NDCG@3": 1.0, "NDCG@5": 1.0, "NDCG@10": 1.0, "NDCG@100": 1.0, "NDCG@1000": 1.0, "MRR@1": 1.0, "MRR@3": 1.0, "MRR@5": 1.0, "MRR@10": 1.0, "MRR@100": 1.0, "MRR@1000": 1.0, "Recall@1": 0.18333, "Recall@3": 0.55, "Recall@5": 0.91667, "Recall@10": 1.0, "Recall@100": 1.0, "Recall@1000": 1.0, "P@1": 1.0, "P@3": 1.0, "P@5": 1.0, "P@10": 0.55, "P@100": 0.055, "P@1000": 0.0055, "time": 0.735476016998291}