{"NDCG@1": 1.0, "NDCG@3": 0.85196, "NDCG@5": 0.95301, "NDCG@10": 0.95301, "NDCG@100": 0.95301, "NDCG@1000": 0.95301, "MRR@1": 1.0, "MRR@3": 1.0, "MRR@5": 1.0, "MRR@10": 1.0, "MRR@100": 1.0, "MRR@1000": 1.0, "Recall@1": 0.18056, "Recall@3": 0.375, "Recall@5": 0.56944, "Recall@10": 0.63889, "Recall@100": 1.0, "Recall@1000": 1.0, "P@1": 1.0, "P@3": 0.83333, "P@5": 0.8, "P@10": 0.65, "P@100": 0.195, "P@1000": 0.0195, "time": 0.5703930854797363}