{"NDCG@1": 1.0, "NDCG@3": 1.0, "NDCG@5": 1.0, "NDCG@10": 0.90911, "NDCG@100": 0.80673, "NDCG@1000": 0.90008, "MRR@1": 1.0, "MRR@3": 1.0, "MRR@5": 1.0, "MRR@10": 1.0, "MRR@100": 1.0, "MRR@1000": 1.0, "Recall@1": 0.67442, "Recall@3": 0.68992, "Recall@5": 0.70543, "Recall@10": 0.71318, "Recall@100": 0.78295, "Recall@1000": 1.0, "P@1": 1.0, "P@3": 0.55556, "P@5": 0.46667, "P@10": 0.26667, "P@100": 0.05667, "P@1000": 0.015, "time": 1.9973199367523193}