{"NDCG@1": 1.0, "NDCG@3": 1.0, "NDCG@5": 1.0, "NDCG@10": 0.97168, "NDCG@100": 0.99484, "NDCG@1000": 0.99484, "MRR@1": 1.0, "MRR@3": 1.0, "MRR@5": 1.0, "MRR@10": 1.0, "MRR@100": 1.0, "MRR@1000": 1.0, "Recall@1": 0.85417, "Recall@3": 0.89583, "Recall@5": 0.9375, "Recall@10": 0.95833, "Recall@100": 1.0, "Recall@1000": 1.0, "P@1": 1.0, "P@3": 0.44444, "P@5": 0.33333, "P@10": 0.18333, "P@100": 0.02167, "P@1000": 0.00217, "time": 0.41565966606140137}